"15.901765, 52.604350",Szkoły podstawowe,Międzychód
"15.888719, 52.597886",Szkoły podstawowe,Międzychód
"14.231629, 53.903352",Szkoły podstawowe,Świnoujście
"14.242315, 53.906790",Szkoły podstawowe,Świnoujście
"20.009499, 50.013792",Szkoły podstawowe,Kraków
"19.955238, 50.081069",Szkoły podstawowe,Kraków
"19.145436, 50.282634",Szkoły podstawowe,Sosnowiec
"19.421832, 51.077564",Szkoły podstawowe,Radomsko
"16.007466, 52.265583",Szkoły podstawowe,Chrośnica
"15.925841, 50.881660",Szkoły podstawowe,Janowice Wielkie
"18.660638, 52.344166",Szkoły podstawowe,Babiak
"17.948409, 53.312223",Szkoły podstawowe,Koronowo
"20.726909, 51.697671",Szkoły podstawowe,Mogielnica
"19.478047, 50.160530",Szkoły podstawowe,Trzebinia
"19.477478, 50.183719",Szkoły podstawowe,Myślachowice
"19.401909, 54.158413",Szkoły podstawowe,Elbląg
"16.951142, 51.115754",Szkoły podstawowe,Wrocław
"19.126102, 50.283813",Szkoły podstawowe,Sosnowiec
"19.135715, 50.292279",Szkoły podstawowe,Sosnowiec
"19.129954, 50.273118",Szkoły podstawowe,Sosnowiec
"19.141584, 50.279727",Szkoły podstawowe,Sosnowiec
"19.125308, 50.272226",Szkoły podstawowe,Sosnowiec
"19.189360, 50.304150",Szkoły podstawowe,Sosnowiec
"19.126660, 50.287838",Szkoły podstawowe,Sosnowiec
"19.079325, 50.291094",Szkoły podstawowe,Sosnowiec
"19.179736, 50.267488",Szkoły podstawowe,Sosnowiec
"19.161572, 50.247136",Szkoły podstawowe,Sosnowiec
"19.146476, 50.296755",Szkoły podstawowe,Sosnowiec
"19.146487, 50.267961",Szkoły podstawowe,Sosnowiec
"19.113807, 50.278233",Szkoły podstawowe,Sosnowiec
"19.162366, 50.270142",Szkoły podstawowe,Sosnowiec
"19.167966, 50.234236",Szkoły podstawowe,Sosnowiec
"19.134417, 50.276786",Szkoły podstawowe,Sosnowiec
"19.185250, 50.306589",Szkoły podstawowe,Sosnowiec
"19.190540, 50.271952",Szkoły podstawowe,Sosnowiec
"19.110760, 50.280852",Szkoły podstawowe,Sosnowiec
"19.165252, 50.253276",Szkoły podstawowe,Sosnowiec
"19.239710, 50.297002",Szkoły podstawowe,Sosnowiec
"19.446144, 50.167703",Szkoły podstawowe,Trzebinia
"19.266554, 50.289592",Szkoły podstawowe,Sosnowiec
"19.228413, 50.281373",Szkoły podstawowe,Sosnowiec
"19.231867, 50.268153",Szkoły podstawowe,Sosnowiec
"19.272980, 50.259998",Szkoły podstawowe,Sosnowiec
"19.177300, 50.291676",Szkoły podstawowe,Sosnowiec
"19.184982, 50.286569",Szkoły podstawowe,Sosnowiec
"19.176120, 50.288831",Szkoły podstawowe,Sosnowiec
"19.164340, 50.294671",Szkoły podstawowe,Sosnowiec
"19.122830, 50.295172",Szkoły podstawowe,Sosnowiec
"19.184982, 50.280077",Szkoły podstawowe,Sosnowiec
"19.149953, 50.241866",Szkoły podstawowe,Sosnowiec
"19.242746, 50.033603",Szkoły podstawowe,Oświęcim
"19.234120, 50.036738",Szkoły podstawowe,Oświęcim
"19.238777, 50.034691",Szkoły podstawowe,Oświęcim
"19.222716, 50.034877",Szkoły podstawowe,Oświęcim
"21.306073, 51.930215",Szkoły podstawowe,Sobienie-Jeziory
"19.980021, 49.283665",Szkoły podstawowe,Zakopane
"20.956420, 49.397617",Szkoły podstawowe,Krynica-Zdrój
"20.956903, 49.424387",Szkoły podstawowe,Krynica-Zdrój
"21.006964, 50.015495",Szkoły podstawowe,Tarnów
"20.408434, 49.965286",Szkoły podstawowe,Bochnia
"20.425847, 49.966943",Szkoły podstawowe,Bochnia
"20.441136, 49.969855",Szkoły podstawowe,Bochnia
"20.421599, 49.968702",Szkoły podstawowe,Bochnia
"20.612325, 49.973029",Szkoły podstawowe,Brzesko
"20.601360, 49.972491",Szkoły podstawowe,Brzesko
"18.815385, 49.715253",Szkoły podstawowe,Ustroń
"18.807156, 49.723577",Szkoły podstawowe,Ustroń
"18.839664, 49.689787",Szkoły podstawowe,Ustroń
"18.730981, 50.288359",Szkoły podstawowe,Gliwice
"18.894639, 50.338640",Szkoły podstawowe,Bytom
"19.054841, 49.825525",Szkoły podstawowe,Bielsko-Biała
"19.254055, 50.157016",Szkoły podstawowe,Jaworzno
"19.311733, 50.161250",Szkoły podstawowe,Jaworzno
"19.270792, 50.207697",Szkoły podstawowe,Jaworzno
"19.254398, 50.205239",Szkoły podstawowe,Jaworzno
"19.134696, 50.812856",Szkoły podstawowe,Częstochowa
"18.653782, 50.035932",Szkoły podstawowe,Żory
"18.679300, 50.037992",Szkoły podstawowe,Żory
"18.710939, 50.020397",Szkoły podstawowe,Żory
"18.721969, 50.041293",Szkoły podstawowe,Żory
"18.688033, 50.013206",Szkoły podstawowe,Żory
"18.616504, 50.337476",Szkoły podstawowe,Gliwice
"19.395316, 50.427494",Szkoły podstawowe,Łazy
"16.218169, 51.204537",Szkoły podstawowe,Legnica
"16.155781, 51.208019",Szkoły podstawowe,Legnica
"18.119115, 52.748035",Szkoły podstawowe,Janikowo
"18.104224, 52.750996",Szkoły podstawowe,Janikowo
"19.442785, 51.823471",Szkoły podstawowe,Łódź
"20.887826, 51.113740",Szkoły podstawowe,Skarżysko-Kamienna
"14.538962, 53.592422",Szkoły podstawowe,Police
"19.922622, 50.030281",Szkoły podstawowe,Kraków
"20.490338, 54.281174",Szkoły podstawowe,Górowo Iławeckie
"18.308179, 50.234771",Szkoły podstawowe,Solarnia
"21.578124, 51.351502",Szkoły podstawowe,Zwoleń
"18.286067, 50.239904",Szkoły podstawowe,Dziergowice
"19.982070, 50.060059",Szkoły podstawowe,Kraków
"21.377195, 50.484162",Szkoły podstawowe,Ossala
"21.403663, 50.461055",Szkoły podstawowe,Szwagrów
"16.858552, 52.274184",Szkoły podstawowe,Puszczykowo
"18.386285, 50.054645",Szkoły podstawowe,Pszów
"22.248226, 52.969202",Szkoły podstawowe,Zambrów
"18.540705, 49.938957",Szkoły podstawowe,Jastrzębie-Zdrój
"18.629524, 53.116657",Szkoły podstawowe,Ostaszewo
"16.392974, 52.910144",Szkoły podstawowe,Jędrzejewo
"16.457659, 51.035241",Szkoły podstawowe,Udanin
"16.088490, 51.659459",Szkoły podstawowe,Głogów
"16.062768, 51.653479",Szkoły podstawowe,Głogów
"16.100990, 51.653988",Szkoły podstawowe,Głogów
"16.126277, 51.652943",Szkoły podstawowe,Głogów
"16.074414, 51.668237",Szkoły podstawowe,Głogów
"16.078808, 51.656171",Szkoły podstawowe,Głogów
"16.100971, 51.647581",Szkoły podstawowe,Głogów
"16.115246, 51.643570",Szkoły podstawowe,Głogów
"19.927879, 50.048975",Szkoły podstawowe,Kraków
"15.814430, 51.774430",Szkoły podstawowe,Siedlisko
"19.069508, 49.727150",Szkoły podstawowe,Buczkowice
"18.840930, 50.149736",Szkoły podstawowe,Łaziska Górne
"22.026815, 50.038192",Szkoły podstawowe,Rzeszów
"17.420411, 54.419935",Szkoły podstawowe,Łupawa
"15.433988, 54.094574",Szkoły podstawowe,Drzonowo
"16.248388, 51.713316",Szkoły podstawowe,Szlichtyngowa
"16.312560, 51.808130",Szkoły podstawowe,Wschowa
"22.932243, 54.121055",Szkoły podstawowe,Suwałki
"16.979906, 52.888308",Szkoły podstawowe,Budzyń
"21.678922, 50.492916",Szkoły podstawowe,Jadachy
"21.709547, 50.512100",Szkoły podstawowe,Cygany
"21.667844, 50.516759",Szkoły podstawowe,Chmielów
"21.640110, 50.466503",Szkoły podstawowe,Ślęzaki
"20.034277, 51.712983",Szkoły podstawowe,Żelechlinek
"21.433113, 50.619676",Szkoły podstawowe,Nowodzice
"18.831832, 50.081365",Szkoły podstawowe,Orzesze
"20.923585, 52.154626",Szkoły podstawowe,Raszyn
"16.493210, 50.943160",Szkoły podstawowe,Żarów
"16.490900, 50.942770",Szkoły podstawowe,Żarów
"19.122630, 54.328740",Szkoły podstawowe,Stegna
"18.630650, 54.341950",Szkoły podstawowe,Gdańsk
"21.089990, 51.925500",Szkoły podstawowe,Sułkowice
"19.456851, 51.066191",Szkoły podstawowe,Radomsko
"21.086370, 51.047920",Szkoły podstawowe,Starachowice
"21.088330, 51.052220",Szkoły podstawowe,Starachowice
"21.075960, 51.054170",Szkoły podstawowe,Starachowice
"21.085750, 51.043020",Szkoły podstawowe,Starachowice
"21.056700, 51.055980",Szkoły podstawowe,Starachowice
"21.061880, 51.037450",Szkoły podstawowe,Starachowice
"21.056790, 51.046840",Szkoły podstawowe,Starachowice
"21.079490, 51.047390",Szkoły podstawowe,Starachowice
"21.106320, 51.008540",Szkoły podstawowe,Starachowice
"16.378930, 53.240980",Szkoły podstawowe,Strączno
"18.561820, 54.375890",Szkoły podstawowe,Gdańsk
"18.624920, 54.387520",Szkoły podstawowe,Gdańsk
"18.583950, 54.325010",Szkoły podstawowe,Gdańsk
"19.972190, 49.991240",Szkoły podstawowe,Rajsko
"16.461170, 53.037970",Szkoły podstawowe,Trzcianka
"16.871370, 52.474600",Szkoły podstawowe,Suchy Las
"16.907720, 52.465150",Szkoły podstawowe,Poznań
"17.013170, 52.577420",Szkoły podstawowe,Murowana Goślina
"19.042590, 54.026110",Szkoły podstawowe,Malbork
"19.043990, 54.029020",Szkoły podstawowe,Malbork
"19.034240, 54.039090",Szkoły podstawowe,Malbork
"18.537690, 54.172350",Szkoły podstawowe,Trąbki Wielkie
"19.974440, 50.012250",Szkoły podstawowe,Kraków
"16.593000, 52.438900",Szkoły podstawowe,Ceradz Kościelny
"20.437010, 52.049460",Szkoły podstawowe,Żyrardów
"17.989720, 52.164810",Szkoły podstawowe,Kopojno
"22.387400, 51.113470",Szkoły podstawowe,Niedrzwica Duża
"20.912560, 52.011990",Szkoły podstawowe,Złotokłos
"19.684660, 54.356320",Szkoły podstawowe,Frombork
"22.105640, 50.533620",Szkoły podstawowe,Nisko
"22.148340, 50.521060",Szkoły podstawowe,Nisko
"18.481000, 54.353300",Szkoły podstawowe,Gdańsk
"18.272990, 54.316280",Szkoły podstawowe,Dzierżążno
"18.799380, 54.331110",Szkoły podstawowe,Wiślinka
"18.649110, 54.223610",Szkoły podstawowe,Łęgowo
"18.378520, 54.475050",Szkoły podstawowe,Bojano
"17.972390, 53.797240",Szkoły podstawowe,Czersk
"18.712270, 54.361430",Szkoły podstawowe,Gdańsk
"19.429640, 51.727760",Szkoły podstawowe,Łódź
"19.065880, 54.012640",Szkoły podstawowe,Nowa Wieś Malborska
"18.962620, 54.289480",Szkoły podstawowe,Drewnica
"16.943340, 52.439210",Szkoły podstawowe,Poznań
"18.411350, 54.390680",Szkoły podstawowe,Banino
"19.465700, 51.742910",Szkoły podstawowe,Łódź
"18.669740, 54.263770",Szkoły podstawowe,Pruszcz Gdański
"18.637110, 54.255680",Szkoły podstawowe,Pruszcz Gdański
"18.628290, 54.260690",Szkoły podstawowe,Pruszcz Gdański
"18.569740, 54.376810",Szkoły podstawowe,Gdańsk
"18.607980, 54.339280",Szkoły podstawowe,Gdańsk
"19.010850, 54.017820",Szkoły podstawowe,Malbork
"17.028970, 54.459220",Szkoły podstawowe,Słupsk
"22.377050, 51.939820",Szkoły podstawowe,Łuków
"18.691210, 54.358420",Szkoły podstawowe,Gdańsk
"21.157070, 52.263390",Szkoły podstawowe,Warszawa
"21.170140, 52.265690",Szkoły podstawowe,Warszawa
"21.008390, 53.567630",Szkoły podstawowe,Szczytno
"18.578840, 54.403500",Szkoły podstawowe,Gdańsk
"20.948540, 52.410270",Szkoły podstawowe,Legionowo
"20.936740, 52.390750",Szkoły podstawowe,Legionowo
"18.912790, 52.246680",Szkoły podstawowe,Kłodawa
"20.184150, 53.240150",Szkoły podstawowe,Działdowo
"20.167650, 53.230400",Szkoły podstawowe,Działdowo
"19.815180, 54.384060",Szkoły podstawowe,Braniewo
"18.163190, 54.608400",Szkoły podstawowe,Gościcino
"18.186020, 54.614210",Szkoły podstawowe,Bolszewo
"18.394580, 54.560170",Szkoły podstawowe,Rumia
"17.751560, 54.545890",Szkoły podstawowe,Lębork
"17.746990, 54.544070",Szkoły podstawowe,Lębork
"17.754960, 54.529680",Szkoły podstawowe,Lębork
"18.153090, 53.153960",Szkoły podstawowe,Bydgoszcz
"18.933040, 53.737380",Szkoły podstawowe,Kwidzyn
"23.132820, 52.024370",Szkoły podstawowe,Biała Podlaska
"23.100410, 52.037350",Szkoły podstawowe,Biała Podlaska
"23.148320, 52.027740",Szkoły podstawowe,Biała Podlaska
"22.289700, 52.167940",Szkoły podstawowe,Siedlce
"21.572970, 53.080420",Szkoły podstawowe,Ostrołęka
"21.566320, 53.078410",Szkoły podstawowe,Ostrołęka
"16.311610, 50.865360",Szkoły podstawowe,Świebodzice
"16.309520, 50.853730",Szkoły podstawowe,Świebodzice
"16.341510, 50.872530",Szkoły podstawowe,Świebodzice
"16.324840, 50.858480",Szkoły podstawowe,Świebodzice
"16.315300, 50.859640",Szkoły podstawowe,Świebodzice
"16.323270, 50.856920",Szkoły podstawowe,Świebodzice
"21.974911, 50.044128",Szkoły podstawowe,Rzeszów
"21.777780, 50.244850",Szkoły podstawowe,Kolbuszowa
"21.768040, 50.242660",Szkoły podstawowe,Kolbuszowa
"21.825270, 50.402040",Szkoły podstawowe,Krzątka
"21.869220, 50.386160",Szkoły podstawowe,Klatki
"21.914300, 50.386590",Szkoły podstawowe,Spie
"21.735490, 50.323890",Szkoły podstawowe,Hadykówka
"18.348790, 53.964350",Szkoły podstawowe,Pinczyn
"18.328160, 53.935720",Szkoły podstawowe,Zblewo
"18.898590, 53.151380",Szkoły podstawowe,Kowalewo Pomorskie
"19.713200, 52.305760",Szkoły podstawowe,Pacyna
"16.174010, 51.211150",Szkoły podstawowe,Legnica
"16.141280, 51.203120",Szkoły podstawowe,Legnica
"16.155930, 51.196650",Szkoły podstawowe,Legnica
"16.158970, 51.199350",Szkoły podstawowe,Legnica
"16.176670, 51.192910",Szkoły podstawowe,Legnica
"19.403230, 54.184590",Szkoły podstawowe,Elbląg
"21.023330, 52.293730",Szkoły podstawowe,Warszawa
"21.063280, 52.247640",Szkoły podstawowe,Warszawa
"21.039090, 52.173700",Szkoły podstawowe,Warszawa
"22.191900, 51.388940",Szkoły podstawowe,Kurów
"18.326450, 54.196510",Szkoły podstawowe,Przywidz
"17.887070, 54.344740",Szkoły podstawowe,Sierakowice
"21.059690, 52.131900",Szkoły podstawowe,Warszawa
"18.644166, 53.005555",Szkoły podstawowe,Toruń
"22.931410, 49.806630",Szkoły podstawowe,Medyka
"19.400790, 50.139150",Szkoły podstawowe,Chrzanów
"19.406450, 50.145360",Szkoły podstawowe,Chrzanów
"19.395600, 50.129340",Szkoły podstawowe,Chrzanów
"19.420380, 50.134780",Szkoły podstawowe,Chrzanów
"19.408270, 50.133450",Szkoły podstawowe,Chrzanów
"19.416310, 50.142350",Szkoły podstawowe,Chrzanów
"19.373147, 50.170800",Szkoły podstawowe,Balin
"20.125450, 54.229260",Szkoły podstawowe,Pieniężno
"19.003120, 54.135410",Szkoły podstawowe,Nowy Staw
"14.591450, 53.466740",Szkoły podstawowe,Szczecin
"18.335620, 54.453950",Szkoły podstawowe,Kielno
"18.221580, 54.487530",Szkoły podstawowe,Szemud
"16.413270, 54.425000",Szkoły podstawowe,Darłowo
"19.473924, 50.208372",Szkoły podstawowe,Czyżówka
"19.511900, 50.205250",Szkoły podstawowe,Płoki
"18.440090, 54.070470",Szkoły podstawowe,Skarszewy
"18.018350, 54.339120",Szkoły podstawowe,Miechucino
"18.191130, 54.334000",Szkoły podstawowe,Kartuzy
"18.391130, 53.995100",Szkoły podstawowe,Kleszczewo Kościerskie
"18.685530, 54.171630",Szkoły podstawowe,Pszczółki
"19.440550, 50.201210",Szkoły podstawowe,Trzebinia
"19.449210, 50.176420",Szkoły podstawowe,Trzebinia
"19.489460, 50.151460",Szkoły podstawowe,Młoszowa
"19.521560, 50.150290",Szkoły podstawowe,Dulowa
"19.554440, 50.207130",Szkoły podstawowe,Lgota
"18.758060, 53.484740",Szkoły podstawowe,Grudziądz
"19.004470, 50.278840",Szkoły podstawowe,Katowice
"20.437960, 54.315510",Szkoły podstawowe,Kamińsk
"16.298860, 54.232850",Szkoły podstawowe,Sianów
"16.292280, 54.226830",Szkoły podstawowe,Sianów
"19.173010, 54.329170",Szkoły podstawowe,Sztutowo
"20.926140, 52.394390",Szkoły podstawowe,Legionowo
"20.692850, 52.784600",Szkoły podstawowe,Sońsk
"19.898570, 49.972060",Szkoły podstawowe,Libertów
"19.464990, 50.098290",Szkoły podstawowe,Płaza
"18.559210, 54.479810",Szkoły podstawowe,Gdynia
"18.509730, 54.500030",Szkoły podstawowe,Gdynia
"19.549240, 49.869450",Szkoły podstawowe,Klecza Dolna
"19.455500, 49.872640",Szkoły podstawowe,Chocznia
"17.727230, 52.845980",Szkoły podstawowe,Żnin
"17.713250, 52.852970",Szkoły podstawowe,Żnin
"17.579470, 52.537020",Szkoły podstawowe,Gniezno
"17.599220, 52.549770",Szkoły podstawowe,Gniezno
"17.080250, 52.447800",Szkoły podstawowe,Kobylnica
"16.780760, 52.477800",Szkoły podstawowe,Poznań
"16.897550, 52.348050",Szkoły podstawowe,Luboń
"16.862370, 52.350130",Szkoły podstawowe,Luboń
"19.351000, 49.859590",Szkoły podstawowe,Andrychów
"19.498830, 49.878020",Szkoły podstawowe,Wadowice
"16.879210, 52.346530",Szkoły podstawowe,Luboń
"16.822260, 52.436390",Szkoły podstawowe,Poznań
"16.822790, 52.410000",Szkoły podstawowe,Poznań
"16.559700, 51.846670",Szkoły podstawowe,Leszno
"16.582630, 51.840280",Szkoły podstawowe,Leszno
"16.582960, 51.840290",Szkoły podstawowe,Leszno
"16.584830, 51.865810",Szkoły podstawowe,Leszno
"16.601830, 51.832460",Szkoły podstawowe,Leszno
"16.599900, 51.845910",Szkoły podstawowe,Leszno
"19.693448, 51.962113",Szkoły podstawowe,Głowno
"19.719733, 51.954589",Szkoły podstawowe,Głowno
"19.722716, 51.969405",Szkoły podstawowe,Głowno
"17.427142, 52.488545",Szkoły podstawowe,Fałkowo
"18.468478, 54.430691",Szkoły podstawowe,Gdańsk
"18.454085, 54.417356",Szkoły podstawowe,Gdańsk
"16.889424, 52.450232",Szkoły podstawowe,Poznań
"18.509129, 54.339661",Szkoły podstawowe,Gdańsk
"18.502708, 54.553174",Szkoły podstawowe,Gdynia
"21.818315, 49.875087",Szkoły podstawowe,Żarnowa
"18.676816, 51.704975",Szkoły podstawowe,Włyń
"17.927278, 50.090625",Szkoły podstawowe,Nowa Cerekwia
"23.214427, 51.959548",Szkoły podstawowe,Dokudów Pierwszy
"20.284104, 52.892547",Szkoły podstawowe,Strzegowo
"18.468472, 54.473253",Szkoły podstawowe,Gdynia
"18.461043, 54.471617",Szkoły podstawowe,Gdynia
"18.421260, 54.492382",Szkoły podstawowe,Gdynia
"18.523672, 54.514245",Szkoły podstawowe,Gdynia
"22.704844, 50.079615",Szkoły podstawowe,Wiązownica
"18.585266, 54.424013",Szkoły podstawowe,Gdańsk
"18.552313, 54.493435",Szkoły podstawowe,Gdynia
"20.641398, 49.779167",Szkoły podstawowe,Witowice
"20.650521, 49.802617",Szkoły podstawowe,Wytrzyszczka
"20.658827, 49.852902",Szkoły podstawowe,Tworkowa
"19.971346, 53.690057",Szkoły podstawowe,Ostróda
"19.960875, 53.691423",Szkoły podstawowe,Ostróda
"19.960086, 53.695892",Szkoły podstawowe,Ostróda
"19.962227, 53.705086",Szkoły podstawowe,Ostróda
"20.620983, 49.851125",Szkoły podstawowe,Tymowa
"20.449964, 49.856308",Szkoły podstawowe,Muchówka
"20.397134, 49.859282",Szkoły podstawowe,Leszczyna
"19.945897, 52.102731",Szkoły podstawowe,Łowicz
"19.927723, 52.103848",Szkoły podstawowe,Łowicz
"16.863095, 52.389550",Szkoły podstawowe,Poznań
"20.144899, 49.958983",Szkoły podstawowe,Trąbki
"15.546302, 54.160401",Szkoły podstawowe,Kołobrzeg
"21.270222, 52.373099",Szkoły podstawowe,Zagościniec
"20.813695, 52.171815",Szkoły podstawowe,Pruszków
"18.675496, 49.986534",Szkoły podstawowe,Krzyżowice
"18.714352, 49.991838",Szkoły podstawowe,Warszowice
"19.584936, 50.132308",Szkoły podstawowe,Wola Filipowska
"22.070974, 50.567254",Szkoły podstawowe,Stalowa Wola
"21.162183, 52.209957",Szkoły podstawowe,Warszawa
"18.075632, 53.187380",Szkoły podstawowe,Osielsko
"16.965418, 51.078816",Szkoły podstawowe,Wrocław
"17.921523, 53.133049",Szkoły podstawowe,Bydgoszcz
"17.993331, 53.124230",Szkoły podstawowe,Bydgoszcz
"18.018157, 53.116316",Szkoły podstawowe,Bydgoszcz
"17.739401, 54.538778",Szkoły podstawowe,Lębork
"20.981521, 52.201091",Szkoły podstawowe,Warszawa
"20.974134, 52.240074",Szkoły podstawowe,Warszawa
"19.663741, 54.058154",Szkoły podstawowe,Pasłęk
"23.181989, 53.156679",Szkoły podstawowe,Białystok
"23.196489, 53.125044",Szkoły podstawowe,Białystok
"19.488056, 49.883011",Szkoły podstawowe,Wadowice
"23.161784, 53.142477",Szkoły podstawowe,Białystok
"23.190479, 53.111338",Szkoły podstawowe,Białystok
"23.122079, 53.131157",Szkoły podstawowe,Białystok
"19.914921, 50.070113",Szkoły podstawowe,Kraków
"23.189430, 53.132805",Szkoły podstawowe,Białystok
"23.181029, 53.117849",Szkoły podstawowe,Białystok
"19.455082, 50.345188",Szkoły podstawowe,Dąbrowa Górnicza
"23.141611, 53.140811",Szkoły podstawowe,Białystok
"23.130845, 53.149640",Szkoły podstawowe,Białystok
"23.178658, 53.138607",Szkoły podstawowe,Białystok
"21.021255, 52.076941",Szkoły podstawowe,Piaseczno
"19.604327, 51.901648",Szkoły podstawowe,Stryków
"19.604523, 51.897327",Szkoły podstawowe,Stryków
"19.559312, 51.869662",Szkoły podstawowe,Dobra
"16.475382, 53.277056",Szkoły podstawowe,Wałcz
"19.528005, 49.918183",Szkoły podstawowe,Witanowice
"21.687430, 50.574591",Szkoły podstawowe,Tarnobrzeg
"21.686226, 50.585814",Szkoły podstawowe,Tarnobrzeg
"22.699311, 51.214095",Szkoły podstawowe,Świdnik
"22.586635, 51.243012",Szkoły podstawowe,Lublin
"22.550073, 51.225875",Szkoły podstawowe,Lublin
"18.599837, 54.232666",Szkoły podstawowe,Wojanowo
"22.541061, 51.260810",Szkoły podstawowe,Lublin
"22.587978, 51.235250",Szkoły podstawowe,Lublin
"16.466542, 53.264148",Szkoły podstawowe,Wałcz
"22.550597, 51.272808",Szkoły podstawowe,Lublin
"22.518192, 51.237584",Szkoły podstawowe,Lublin
"21.711829, 50.648583",Szkoły podstawowe,Zawierzbie
"21.733044, 50.687025",Szkoły podstawowe,Sandomierz
"21.741991, 50.684678",Szkoły podstawowe,Sandomierz
"22.569959, 51.213555",Szkoły podstawowe,Lublin
"23.349928, 53.650813",Szkoły podstawowe,Białostocka
"15.502696, 52.593514",Szkoły podstawowe,Skwierzyna
"14.726272, 51.958125",Szkoły podstawowe,Gubin
"21.744715, 50.688308",Szkoły podstawowe,Sandomierz
"21.892147, 49.978825",Szkoły podstawowe,Mogielnica
"18.912685, 52.246577",Szkoły podstawowe,Kłodawa
"22.632011, 51.261757",Szkoły podstawowe,Lublin
"22.518655, 51.223667",Szkoły podstawowe,Lublin
"22.634057, 51.219563",Szkoły podstawowe,Lublin
"22.492689, 51.230246",Szkoły podstawowe,Lublin
"20.000003, 50.097573",Szkoły podstawowe,Kraków
"17.974140, 54.119941",Szkoły podstawowe,Kościerzyna
"19.953113, 50.067566",Szkoły podstawowe,Kraków
"22.505889, 51.171231",Szkoły podstawowe,Lublin
"19.368188, 49.972671",Szkoły podstawowe,Piotrowice
"21.764968, 50.667590",Szkoły podstawowe,Sandomierz
"19.498031, 49.872303",Szkoły podstawowe,Wadowice
"19.016214, 54.335832",Szkoły podstawowe,Jantar
"18.580441, 54.377102",Szkoły podstawowe,Gdańsk
"18.015010, 53.135257",Szkoły podstawowe,Bydgoszcz
"18.696570, 53.924913",Szkoły podstawowe,Pelplin
"19.207100, 53.752105",Szkoły podstawowe,Prabuty
"16.977254, 54.001990",Szkoły podstawowe,Miastko
"16.973521, 53.994044",Szkoły podstawowe,Miastko
"19.430781, 54.376867",Szkoły podstawowe,Krynica Morska
"19.423791, 51.820539",Szkoły podstawowe,Łódź
"16.717516, 53.145957",Szkoły podstawowe,Piła
"16.750085, 53.164298",Szkoły podstawowe,Piła
"16.783178, 53.152931",Szkoły podstawowe,Piła
"16.751713, 53.157726",Szkoły podstawowe,Piła
"16.750116, 53.154958",Szkoły podstawowe,Piła
"16.211535, 54.195126",Szkoły podstawowe,Koszalin
"20.127811, 54.115306",Szkoły podstawowe,Orneta
"20.134854, 54.115347",Szkoły podstawowe,Orneta
"20.730368, 54.324765",Szkoły podstawowe,Bezledy
"20.802737, 54.259815",Szkoły podstawowe,Bartoszyce
"20.815677, 54.259223",Szkoły podstawowe,Bartoszyce
"14.486351, 53.253357",Szkoły podstawowe,Gryfino
"21.502953, 52.469286",Szkoły podstawowe,Mokra Wieś
"21.442467, 52.430989",Szkoły podstawowe,Tłuszcz
"15.774538, 53.775005",Szkoły podstawowe,Świdwin
"15.779181, 53.780891",Szkoły podstawowe,Świdwin
"17.208058, 52.806980",Szkoły podstawowe,Wągrowiec
"17.193745, 52.804792",Szkoły podstawowe,Wągrowiec
"17.208534, 52.816897",Szkoły podstawowe,Wągrowiec
"18.073862, 51.746907",Szkoły podstawowe,Kalisz
"22.699453, 51.899696",Szkoły podstawowe,Kąkolewnica
"14.549925, 53.537237",Szkoły podstawowe,Police
"22.487120, 50.419177",Szkoły podstawowe,Lipiny Górne-Borowina
"22.469895, 50.410938",Szkoły podstawowe,Lipiny Dolne
"18.406444, 54.792457",Szkoły podstawowe,Władysławowo
"18.386593, 54.802133",Szkoły podstawowe,Władysławowo
"18.777316, 53.804560",Szkoły podstawowe,Piaseczno
"19.832074, 53.763917",Szkoły podstawowe,Miłomłyn
"22.717321, 50.535834",Szkoły podstawowe,Biłgoraj
"18.602008, 53.030487",Szkoły podstawowe,Toruń
"18.946687, 53.276641",Szkoły podstawowe,Wąbrzeźno
"18.944594, 53.285640",Szkoły podstawowe,Wąbrzeźno
"20.895212, 53.019970",Szkoły podstawowe,Przasnysz
"20.881736, 53.019514",Szkoły podstawowe,Przasnysz
"20.830400, 52.188865",Szkoły podstawowe,Piastów
"23.487955, 52.037243",Szkoły podstawowe,Wółka Dobrzyńska
"15.727212, 54.135205",Szkoły podstawowe,Dygowo
"15.583574, 54.176989",Szkoły podstawowe,Kołobrzeg
"16.473832, 50.832885",Szkoły podstawowe,Świdnica
"19.109194, 50.799120",Szkoły podstawowe,Częstochowa
"19.104763, 50.807813",Szkoły podstawowe,Częstochowa
"19.123592, 50.840568",Szkoły podstawowe,Częstochowa
"19.130684, 50.779376",Szkoły podstawowe,Częstochowa
"19.157624, 50.836069",Szkoły podstawowe,Częstochowa
"21.492305, 49.577523",Szkoły podstawowe,Skalnik
"17.723074, 51.309776",Szkoły podstawowe,Syców
"18.908606, 52.607620",Szkoły podstawowe,Brześć Kujawski
"18.880014, 52.610453",Szkoły podstawowe,Brześć Kujawski
"18.545084, 54.509936",Szkoły podstawowe,Gdynia
"22.100059, 49.887195",Szkoły podstawowe,Błażowa
"18.960803, 49.971243",Szkoły podstawowe,Pszczyna
"18.961854, 49.971002",Szkoły podstawowe,Pszczyna
"15.286064, 51.124117",Szkoły podstawowe,Lubań 
"16.638705, 52.088874",Szkoły podstawowe,Kościan
"16.633001, 52.082441",Szkoły podstawowe,Kościan
"16.632142, 52.074406",Szkoły podstawowe,Kościan
"16.652365, 52.089785",Szkoły podstawowe,Kościan
"16.168887, 51.403861",Szkoły podstawowe,Lubin
"20.993629, 52.340374",Szkoły podstawowe,Warszawa
"20.973823, 52.326540",Szkoły podstawowe,Warszawa
"17.707155, 51.309828",Szkoły podstawowe,Syców
"15.090589, 52.053999",Szkoły podstawowe,Krosno Odrzańskie
"15.098667, 52.041415",Szkoły podstawowe,Krosno Odrzańskie
"15.107140, 52.055338",Szkoły podstawowe,Krosno Odrzańskie
"15.592031, 52.124942",Szkoły podstawowe,Kalsk
"15.841412, 52.851932",Szkoły podstawowe,Drezdenko
"15.827996, 52.839898",Szkoły podstawowe,Drezdenko
"15.963007, 52.897917",Szkoły podstawowe,Drawiny
"16.257203, 52.506013",Szkoły podstawowe,Pniewy
"16.084789, 52.551986",Szkoły podstawowe,Kwilcz
"16.348801, 50.968484",Szkoły podstawowe,Strzegom
"16.330653, 50.952735",Szkoły podstawowe,Strzegom
"16.350125, 50.960665",Szkoły podstawowe,Strzegom
"15.554978, 51.936344",Szkoły podstawowe,Zielona Góra
"18.311115, 50.163759",Szkoły podstawowe,Nędza
"18.906235, 52.514361",Szkoły podstawowe,Kłobia
"19.559186, 49.661291",Szkoły podstawowe,Zawoja
"22.229568, 49.812774",Szkoły podstawowe,Dynów
"17.275648, 50.945615",Szkoły podstawowe,Oława
"17.284053, 50.945697",Szkoły podstawowe,Oława
"17.293071, 50.941051",Szkoły podstawowe,Oława
"17.305023, 50.942362",Szkoły podstawowe,Oława
"17.299605, 50.936074",Szkoły podstawowe,Oława
"17.227608, 50.989028",Szkoły podstawowe,Marcinkowice
"19.931427, 50.042490",Szkoły podstawowe,Kraków
"19.521805, 49.862786",Szkoły podstawowe,Jaroszowice
"19.481551, 49.856164",Szkoły podstawowe,Zawadka
"17.211671, 50.813714",Szkoły podstawowe,Wiązów
"17.064001, 50.785752",Szkoły podstawowe,Strzelin
"17.086923, 50.779093",Szkoły podstawowe,Strzelin
"17.318840, 51.022209",Szkoły podstawowe,Jelcz-Laskowice
"17.332639, 51.035121",Szkoły podstawowe,Jelcz-Laskowice
"19.435211, 51.794981",Szkoły podstawowe,Łódź
"19.322129, 51.750773",Szkoły podstawowe,Konstantynów Łódzki
"19.390180, 51.747754",Szkoły podstawowe,Łódź
"19.387935, 51.747429",Szkoły podstawowe,Łódź
"19.608332, 53.326676",Szkoły podstawowe,Brzozie
"19.415277, 53.067520",Szkoły podstawowe,Rypin
"19.416313, 53.063043",Szkoły podstawowe,Rypin
"19.491142, 50.493467",Szkoły podstawowe,Zawiercie
"17.006485, 51.116957",Szkoły podstawowe,Wrocław
"17.009260, 51.118691",Szkoły podstawowe,Wrocław
"18.344338, 54.596343",Szkoły podstawowe,Reda
"18.770614, 53.023408",Szkoły podstawowe,Lubicz Górny
"19.410035, 53.274414",Szkoły podstawowe,Brodnica
"19.427873, 50.494231",Szkoły podstawowe,Zawiercie
"19.426565, 50.484010",Szkoły podstawowe,Zawiercie
"21.043991, 52.477270",Szkoły podstawowe,Jadwisin
"18.509881, 54.494331",Szkoły podstawowe,Gdynia
"16.913619, 52.425525",Szkoły podstawowe,Poznań
"21.947218, 49.984752",Szkoły podstawowe,Boguchwała
"21.791888, 49.577567",Szkoły podstawowe,Iwonicz-Zdrój
"22.040182, 50.077906",Szkoły podstawowe,Trzebownisko
"21.958998, 50.005842",Szkoły podstawowe,Rzeszów
"22.236148, 50.071039",Szkoły podstawowe,Łańcut
"22.216701, 50.067108",Szkoły podstawowe,Łańcut
"22.234702, 50.089779",Szkoły podstawowe,Łańcut
"21.800517, 49.604146",Szkoły podstawowe,Iwonicz
"21.465023, 50.284716",Szkoły podstawowe,Mielec
"20.389510, 50.317530",Szkoły podstawowe,Skalbmierz
"20.418842, 50.252007",Szkoły podstawowe,Kamieńczyce
"20.480235, 50.284520",Szkoły podstawowe,Cudzynowice
"20.173725, 54.372274",Szkoły podstawowe,Zagaje
"20.952226, 52.424717",Szkoły podstawowe,Łajski
"20.968300, 52.451282",Szkoły podstawowe,Wieliszew
"18.203428, 54.336249",Szkoły podstawowe,Kartuzy
"19.412504, 54.164956",Szkoły podstawowe,Elbląg
"19.412369, 54.167788",Szkoły podstawowe,Elbląg
"19.396351, 54.188522",Szkoły podstawowe,Elbląg
"20.248947, 51.762070",Szkoły podstawowe,Rawa Mazowiecka
"20.262434, 51.774275",Szkoły podstawowe,Rawa Mazowiecka
"20.257320, 51.765076",Szkoły podstawowe,Mazowiecka
"19.664709, 51.406691",Szkoły podstawowe,Piotrków Trybunalski
"19.673275, 51.412320",Szkoły podstawowe,Piotrków Trybunalski
"19.701995, 51.412946",Szkoły podstawowe,Piotrków Trybunalski
"19.688992, 51.410495",Szkoły podstawowe,Piotrków Trybunalski
"19.694890, 51.410049",Szkoły podstawowe,Piotrków Trybunalski
"19.709245, 51.405349",Szkoły podstawowe,Piotrków Trybunalski
"19.680480, 51.402567",Szkoły podstawowe,Piotrków Trybunalski
"19.697023, 51.405273",Szkoły podstawowe,Piotrków Trybunalski
"18.999882, 51.147758",Szkoły podstawowe,Pajęczno
"19.185358, 52.843050",Szkoły podstawowe,Lipno
"19.179569, 52.851931",Szkoły podstawowe,Lipno
"19.178367, 52.840801",Szkoły podstawowe,Lipno
"20.675251, 50.346413",Szkoły podstawowe,Wiślica
"23.673195, 53.093220",Szkoły podstawowe,Gródek
"16.638399, 52.653440",Szkoły podstawowe,Szamotuły
"22.309266, 53.282398",Szkoły podstawowe,Jedwabne
"22.623982, 54.180885",Szkoły podstawowe,Filipów
"22.825147, 53.774809",Szkoły podstawowe,Bargłów Kościelny
"22.839564, 52.747907",Szkoły podstawowe,Brańsk
"17.812295, 51.647148",Szkoły podstawowe,Ostrów Wielkopolski
"21.028283, 52.464978",Szkoły podstawowe,Zegrze
"18.013405, 53.572416",Szkoły podstawowe,Cekcyn
"16.278949, 54.297907",Szkoły podstawowe,Iwięcino
"21.183808, 52.413774",Szkoły podstawowe,Radzymin
"21.056982, 52.393247",Szkoły podstawowe,Izabelin
"18.930441, 52.643338",Szkoły podstawowe,Wieniec
"22.283151, 53.568409",Szkoły podstawowe,Szczuczyn
"19.872329, 49.987833",Szkoły podstawowe,Kraków
"22.314367, 53.517598",Szkoły podstawowe,Wąsosz
"15.126253, 53.663847",Szkoły podstawowe,Nowogard
"15.112574, 53.673114",Szkoły podstawowe,Nowogard
"15.136907, 53.663281",Szkoły podstawowe,Nowogard
"15.121179, 53.686974",Szkoły podstawowe,Nowogard
"21.090842, 52.414533",Szkoły podstawowe,Wólka Radzymińska
"22.158857, 53.380719",Szkoły podstawowe,Stawiski
"22.805235, 53.403938",Szkoły podstawowe,Mońki
"22.730555, 53.486703",Szkoły podstawowe,Goniądz
"23.341231, 54.106869",Szkoły podstawowe,Sejny
"22.648342, 52.401768",Szkoły podstawowe,Drohiczyn
"23.080834, 52.463008",Szkoły podstawowe,Nurzec-Stacja
"23.522238, 53.398280",Szkoły podstawowe,Sokółka
"23.784342, 53.266490",Szkoły podstawowe,Krynki
"23.109170, 53.575845",Szkoły podstawowe,Suchowola
"22.322345, 52.798067",Szkoły podstawowe,Czyżew
"23.208637, 50.412777",Szkoły podstawowe,Susiec
"23.172611, 50.458805",Szkoły podstawowe,Majdan Sopocki
"23.796107, 51.167969",Szkoły podstawowe,Dorohusk-Osada
"20.396949, 53.656821",Szkoły podstawowe,Stawiguda
"19.910705, 53.071020",Szkoły podstawowe,Żuromin
"19.916288, 53.064614",Szkoły podstawowe,Żuromin
"20.366417, 52.629235",Szkoły podstawowe,Płońsk
"19.092232, 50.090590",Szkoły podstawowe,Bieruń
"19.422897, 50.524131",Szkoły podstawowe,Rudniki
"19.414172, 50.508412",Szkoły podstawowe,Zawiercie
"19.454513, 50.550880",Szkoły podstawowe,Włodowice
"17.600659, 53.242142",Szkoły podstawowe,Mrocza
"17.233691, 53.542269",Szkoły podstawowe,Debrzno
"19.986920, 50.713882",Szkoły podstawowe,Radków
"19.015255, 50.280120",Szkoły podstawowe,Katowice
"19.016047, 50.284520",Szkoły podstawowe,Katowice
"19.777493, 49.641644",Szkoły podstawowe,Bystra
"20.013880, 50.069028",Szkoły podstawowe,Kraków
"20.211625, 49.476211",Szkoły podstawowe,Szlembark
"18.948251, 42.203264",Szkoły podstawowe,Petrovac
"18.163686, 52.307117",Szkoły podstawowe,Kazimierz Biskupi
"18.087482, 52.243588",Szkoły podstawowe,Golina
"17.765063, 52.440710",Szkoły podstawowe,Witkowo
"18.303601, 52.364600",Szkoły podstawowe,Ślesin
"17.157870, 52.160899",Szkoły podstawowe,Zaniemyśl
"16.856005, 51.607381",Szkoły podstawowe,Rawicz
"19.561915, 53.596604",Szkoły podstawowe,Iława
"21.367291, 54.076540",Szkoły podstawowe,Kętrzyn
"16.679790, 54.369609",Szkoły podstawowe,Sławno
"21.801511, 53.628543",Szkoły podstawowe,Pisz
"20.877423, 51.863703",Szkoły podstawowe,Grójec
"17.523687, 53.450606",Szkoły podstawowe,Sępólno Krajeńskie
"17.535735, 53.457656",Szkoły podstawowe,Sępólno Krajeńskie
"18.429884, 53.408325",Szkoły podstawowe,Świecie
"18.444662, 53.410870",Szkoły podstawowe,Świecie
"15.729465, 50.897121",Szkoły podstawowe,Jelenia Góra
"15.740446, 50.901054",Szkoły podstawowe,Jelenia Góra
"16.022764, 50.783777",Szkoły podstawowe,Kamienna Góra
"20.038818, 49.702129",Szkoły podstawowe,Kasinka Mała
"20.816361, 51.252320",Szkoły podstawowe,Pawłów
"20.709165, 52.144260",Szkoły podstawowe,Brwinów
"20.809493, 52.096230",Szkoły podstawowe,Nadarzyn
"20.725960, 52.118406",Szkoły podstawowe,Podkowa Leśna
"20.728148, 52.120701",Szkoły podstawowe,Podkowa Leśna
"16.601243, 51.163889",Szkoły podstawowe,Środa Śląska
"16.476630, 50.834542",Szkoły podstawowe,Świdnica
"16.466623, 50.845530",Szkoły podstawowe,Świdnica
"16.493114, 50.844083",Szkoły podstawowe,Świdnica
"16.530212, 51.663178",Szkoły podstawowe,Góra
"16.542657, 51.671498",Szkoły podstawowe,Góra 
"19.735819, 49.897822",Szkoły podstawowe,Leńcze
"18.414916, 50.879628",Szkoły podstawowe,Olesno
"18.424364, 50.873588",Szkoły podstawowe,Olesno
"18.391737, 50.896693",Szkoły podstawowe,Wojciechów
"18.297107, 50.516652",Szkoły podstawowe,Strzelce Opolskie
"18.791830, 50.037672",Szkoły podstawowe,Suszec
"21.422197, 50.806592",Szkoły podstawowe,Opatów
"21.429653, 50.798088",Szkoły podstawowe,Opatów
"21.171580, 50.564918",Szkoły podstawowe,Staszów
"22.062431, 51.188781",Szkoły podstawowe,Poniatowa
"16.096803, 53.455934",Szkoły podstawowe,Wierzchowo
